No.,Nama_Produk,Kategori,Ukuran_per_Sajian,Satuan,Gula_per_sajian (g),Garam_per_sajian (mg),Gambar_Normal,Status_Garam,Status_Gula
1,Chiki Puffs (cheese),Snack Asin,10.0,Gram,1.0,50.0,cellmage_312819832_0.jpg,Normal,Normal
2,Tango Waffle Choco Hazelnut,Snack Manis,25.0,Gram,5.0,55.0,cellmage_312819832_2.jpg,Normal,Normal
3,Nutrijell Pudding Susu (Red Velvet),Snack Manis,10.0,Gram,5.0,35.0,cellmage_312819832_4.jpg,Normal,Normal
4,Nutrijell Pudding Susu (Strawberry),Snack Manis,100.0,Gram,70.0,140.0,cellmage_312819832_6.jpg,Normal,Tinggi
5,Indomie Ayam Bawang,Mie Instan,69.0,Gram,2.0,1220.0,cellmage_312819832_8.jpg,Normal,Normal
6,Energen Cokelat,Minuman Seduh,35.0,Gram,16.0,210.0,cellmage_312819832_10.jpg,Normal,Tinggi
7,Van Wheat Cokelat,Snack Manis,5.0,Gram,2.0,0.0,cellmage_312819832_12.jpg,Normal,Normal
8,Better Roma Sandwich,Snack Manis,27.0,Gram,9.0,75.0,cellmage_312819832_14.jpg,Normal,Tinggi
9,Nextar Brownies Cokelat,Snack Manis,27.0,Gram,6.0,60.0,cellmage_312819832_16.jpg,Normal,Tinggi
10,Dilan Chocolate Crunchy Caramel,Snack Manis,15.0,Gram,5.0,10.0,cellmage_312819832_18.jpg,Normal,Normal
11,Roti Aoka Vanilla,Snack Manis,40.0,Gram,6.0,95.0,cellmage_312819832_20.jpg,Normal,Tinggi
12,Kalpa,Snack Manis,20.0,Gram,5.0,20.0,cellmage_312819832_22.jpg,Normal,Normal
13,Pocari Sweat (kaleng),Minuman Kemasan,250.0,mL,14.0,120.0,cellmage_312819832_24.jpg,Normal,Tinggi
14,Orange Water (You C 1000),Minuman Kemasan,500.0,mL,27.0,60.0,cellmage_312819832_26.jpg,Normal,Tinggi
15,Cincau Cap Panda,Minuman Kemasan,310.0,mL,23.0,55.0,cellmage_312819832_28.jpg,Normal,Tinggi
16,Susu Kental Manis Frisian Flag Putih (kaleng),Minuman Seduh,30.0,Gram,15.0,15.0,cellmage_312819832_30.jpg,Normal,Tinggi
17,Indomilk strawberry (kotak),Minuman Kemasan,115.0,mL,12.0,45.0,cellmage_312819832_32.jpg,Normal,Tinggi
18,Ultra Milk Full Cream (kotak),Minuman Kemasan,200.0,mL,8.0,40.0,cellmage_312819832_34.jpg,Normal,Tinggi
19,Bear Brand (kaleng),Minuman Kemasan,189.0,mL,9.0,95.0,cellmage_312819832_36.jpg,Normal,Tinggi
20,Sarimi Goreng Isi 2,Mie Instan,120.0,Gram,9.0,1440.0,cellmage_312819832_38.jpg,Normal,Tinggi
21,Nabati Ahh cokelat,Snack Manis,8.0,Gram,0.0,270.0,cellmage_312819832_40.jpg,Normal,Normal
22,Fitmeup (botol),Minuman Kemasan,160.0,mL,9.0,10.0,cellmage_312819832_42.jpg,Normal,Tinggi
23,Milo (sachet),Minuman Seduh,22.0,Gram,9.0,45.0,cellmage_312819832_44.jpg,Normal,Tinggi
24,Nutrisari,Minuman Seduh,14.0,Gram,12.0,10.0,cellmage_312819832_46.jpg,Normal,Tinggi
25,Luwak White Koffie,Minuman Seduh,20.0,Gram,12.0,15.0,cellmage_312819832_48.jpg,Normal,Tinggi
26,Mie Gelas Bakso,Mie Instan,25.0,Gram,0.0,1090.0,cellmage_312819832_50.jpg,Normal,Normal
27,Roma Arden Choco,Snack Manis,20.0,Gram,5.0,80.0,cellmage_312819832_52.jpg,Normal,Normal
28,Roma Kelapa,Snack Manis,23.0,Gram,5.0,80.0,cellmage_312819832_54.jpg,Normal,Normal
29,Kacang Kulit Garuda,Snack Asin,14.0,Gram,0.0,75.0,cellmage_312819832_56.jpg,Normal,Normal
30,Dirink Beng-Beng,Minuman Seduh,27.0,Gram,17.0,130.0,cellmage_312819832_58.jpg,Normal,Tinggi
31,Chocolatos Matcha,Minuman Seduh,20.0,Gram,10.0,105.0,cellmage_312819832_60.jpg,Normal,Tinggi
32,Roma Malkist Sweet Crackers,Snack Manis,21.0,Gram,3.0,115.0,cellmage_312819832_62.jpg,Normal,Normal
33,Nestle Cerelack (sachet),Snack Manis,20.0,Gram,3.0,50.0,cellmage_312819832_64.jpg,Normal,Normal
34,Ultra Sari Kacang Ijo,Minuman Kemasan,200.0,mL,20.0,60.0,cellmage_312819832_66.jpg,Normal,Tinggi
35,Milku Marie Biskuit,Minuman Kemasan,200.0,mL,21.0,130.0,cellmage_312819832_68.jpg,Normal,Tinggi
36,Isoplus Coco,Minuman Kemasan,175.0,mL,12.0,85.0,cellmage_312819832_70.jpg,Normal,Tinggi
37,Floridina Orange,Minuman Kemasan,175.0,mL,21.0,25.0,cellmage_312819832_72.jpg,Normal,Tinggi
38,Coca Cola,Minuman Kemasan,250.0,mL,27.0,15.0,cellmage_312819832_74.jpg,Normal,Tinggi
39,Fanta,Minuman Kemasan,250.0,mL,12.0,10.0,cellmage_312819832_76.jpg,Normal,Tinggi
40,Mizone,Minuman Kemasan,250.0,mL,8.0,65.0,cellmage_312819832_78.jpg,Normal,Tinggi
41,YouC1000 Orange,Minuman Kemasan,140.0,mL,13.0,60.0,cellmage_312819832_80.jpg,Normal,Tinggi
42,Teh Pucuk Harum,Minuman Kemasan,240.0,mL,18.0,10.0,cellmage_312819832_82.jpg,Normal,Tinggi
43,Adem Sari Cingku,Minuman Kemasan,250.0,mL,18.0,130.0,cellmage_312819832_84.jpg,Normal,Tinggi
44,Fruit Tea Blackcurrant,Minuman Kemasan,250.0,mL,15.0,60.0,cellmage_312819832_86.jpg,Normal,Tinggi
45,Nipis Madu,Minuman Kemasan,240.0,mL,22.0,60.0,cellmage_312819832_88.jpg,Normal,Tinggi
46,Biokul Leci,Snack Manis,80.0,Gram,10.0,35.0,cellmage_312819832_90.jpg,Normal,Tinggi
47,Silverqueen Almond,Snack Manis,20.0,Gram,7.0,10.0,cellmage_312819832_92.jpg,Normal,Tinggi
48,Hello Panda Strawberry,Snack Manis,8.0,Gram,2.0,25.0,cellmage_312819832_94.jpg,Normal,Normal
49,Taro Barbeque,Snack Asin,8.0,Gram,0.0,90.0,cellmage_312819832_96.jpg,Normal,Normal
50,Pillows Ubi,Snack Manis,12.0,Gram,3.0,30.0,cellmage_312819832_98.jpg,Normal,Normal
51,Choki Stix,Snack Manis,21.5,Gram,6.0,65.0,cellmage_312819832_100.jpg,Normal,Tinggi
52,Garuda Rosta Kacang Panggang Rasa Bawang,Snack Asin,11.0,Gram,1.0,60.0,cellmage_312819832_102.jpg,Normal,Normal
53,Teh Kotak,Minuman Kemasan,200.0,mL,16.0,10.0,cellmage_312819832_104.jpg,Normal,Tinggi
54,Cimory UHT Marie Biscuit,Minuman Kemasan,125.0,mL,13.0,65.0,cellmage_312819832_106.jpg,Normal,Tinggi
55,Ultra Milk Strawberry,Minuman Kemasan,200.0,mL,19.0,50.0,cellmage_312819832_108.jpg,Normal,Tinggi
56,Cimory Yoghurt Blueberry,Minuman Kemasan,200.0,mL,25.0,120.0,cellmage_312819832_110.jpg,Normal,Tinggi
57,Cimory Yoghurt Mixed Fruit,Minuman Kemasan,200.0,mL,25.0,120.0,cellmage_312819832_112.jpg,Normal,Tinggi
58,Cimory Yoghurt Strawberry,Minuman Kemasan,200.0,mL,25.0,120.0,cellmage_312819832_114.jpg,Normal,Tinggi
59,Tricks Potato Baked Chips Original,Snack Asin,12.0,Gram,2.0,85.0,cellmage_312819832_116.jpg,Normal,Normal
60,Pop Mie Rasa Bakso,Mie Instan,75.0,Gram,4.0,1170.0,cellmage_312819832_118.jpg,Normal,Normal
61,Ale-Ale Mangga,Minuman Kemasan,160.0,mL,16.0,55.0,cellmage_312819832_120.jpg,Normal,Tinggi
62,Milku Original,Minuman Kemasan,200.0,mL,9.0,130.0,cellmage_312819832_122.jpg,Normal,Tinggi
63,Qtela Singkong Barbeque,Snack Asin,20.0,Gram,1.0,95.0,cellmage_312819832_124.jpg,Normal,Normal
64,Nabati Wafer Keju,Snack Manis,15.0,Gram,5.0,65.0,cellmage_312819832_126.jpg,Normal,Normal
65,Go Potato,Snack Asin,8.0,Gram,1.0,45.0,cellmage_312819832_128.jpg,Normal,Normal
66,Hello Panda Milk Cream,Snack Manis,8.0,Gram,2.0,20.0,cellmage_312819832_130.jpg,Normal,Normal
67,Mie Gelas Ayam Bawang,Mie Instan,26.0,Gram,0.0,1000.0,cellmage_312819832_132.jpg,Normal,Normal
68,Pilus Garuda Rasa Abon,Snack Asin,7.0,Gram,0.0,65.0,cellmage_312819832_134.jpg,Normal,Normal
69,Good Day Mocacino,Minuman Seduh,20.0,Gram,13.0,10.0,cellmage_312819832_136.jpg,Normal,Tinggi
70,MaxTea Teh Tarik,Minuman Seduh,25.0,Gram,14.0,15.0,cellmage_312819832_138.jpg,Normal,Tinggi
71,Oishi Rasa Udang Pedas,Snack Asin,10.0,Gram,1.0,115.0,cellmage_312819832_140.jpg,Normal,Normal
72,Oishi Caramel Popcorn,Snack Manis,20.0,Gram,10.0,100.0,cellmage_312819832_142.jpg,Normal,Tinggi
73,Garuda Kacang Atom,Snack Asin,17.0,Gram,2.0,150.0,cellmage_312819832_144.jpg,Normal,Normal
74,Milku Strawberry,Minuman Kemasan,200.0,mL,22.0,130.0,cellmage_312819832_146.jpg,Normal,Tinggi
75,Teh Gelas (cup),Minuman Kemasan,170.0,mL,6.0,15.0,cellmage_312819832_148.jpg,Normal,Tinggi
76,Gery saluut Malkist Matcha,Snack Manis,15.0,Gram,3.0,65.0,cellmage_312819832_150.jpg,Normal,Normal
77,Power F Anggur Madu,Minuman Kemasan,175.0,mL,13.0,65.0,cellmage_312819832_152.jpg,Normal,Tinggi
78,Kopi Nongkrong,Minuman Kemasan,160.0,mL,6.0,40.0,cellmage_312819832_154.jpg,Normal,Tinggi
79,Nabati Wafer Cokelat (kaleng),Snack Manis,15.0,Gram,5.0,25.0,cellmage_312819832_156.jpg,Normal,Normal
80,Denex Biscuits Assorted (kaleng),Snack Manis,25.0,Gram,5.0,100.0,cellmage_312819832_158.jpg,Normal,Normal
81,Sakatonik Activ Gummy,Snack Manis,8.0,Gram,4.0,10.0,cellmage_312819832_160.jpg,Normal,Normal
82,KitKat Choco,Snack Manis,17.0,Gram,7.0,10.0,cellmage_312819832_162.jpg,Normal,Tinggi
83,Fitbar Multigrain Tiramisu Delight,Snack Manis,20.0,Gram,5.0,30.0,cellmage_312819832_164.jpg,Normal,Normal
84,Kawan Paratha Plain,Snack Asin,80.0,Gram,3.0,340.0,cellmage_312819832_166.jpg,Normal,Normal
85,Ice Cream Wall's Extra Creamy Choco Vanilla Chip,Snack Manis,100.0,mL,10.0,0.0,cellmage_312819832_168.jpg,Normal,Tinggi
86,Ice Cream Wall's Oreo Cookies & Cream,Snack Manis,100.0,mL,11.0,60.0,cellmage_312819832_170.jpg,Normal,Tinggi
87,Cornetto Mini Oreo Rasa Vanila,Snack Manis,28.0,mL,14.0,40.0,cellmage_312819832_172.jpg,Normal,Tinggi
88,Cornetto Mini Oreo Rasa Cokelat,Snack Manis,28.0,mL,11.0,35.0,cellmage_312819832_174.jpg,Normal,Tinggi
89,Ice Cream Diamond Vanilla with Chocolate Chip,Snack Manis,100.0,mL,7.0,20.0,cellmage_312819832_176.jpg,Normal,Tinggi
90,Fish and Chips BumiFood,Snack Asin,100.0,Gram,0.0,480.0,cellmage_312819832_178.jpg,Normal,Normal
91,Ekado Furaseafood,Snack Asin,50.0,Gram,1.0,680.0,cellmage_312819832_180.jpg,Normal,Normal
92,Fish Dumpling,Snack Asin,50.0,Gram,0.0,430.0,cellmage_312819832_182.jpg,Normal,Normal
93,Fiesta Seafood,Snack Asin,90.0,Gram,0.0,640.0,cellmage_312819832_184.jpg,Normal,Normal
94,Garuda Rosta Kacang Panggang Pedas,Snack Asin,25.0,Gram,5.0,130.0,cellmage_312819832_186.jpg,Normal,Normal
95,Mayasi Roasted Corn,Snack Asin,25.0,Gram,2.0,80.0,cellmage_312819832_188.jpg,Normal,Normal
96,TicTac Seaweed,Snack Asin,20.0,Gram,1.0,210.0,cellmage_312819832_190.jpg,Normal,Normal
97,Oishi Popcorn Belgian Butter With Cheese,Snack Manis,20.0,Gram,8.0,140.0,cellmage_312819832_192.jpg,Normal,Tinggi
98,Kacang PolongMas Dua Kelinci,Snack Asin,25.0,Gram,1.0,130.0,cellmage_312819832_194.jpg,Normal,Normal
99,Sukro Original,Snack Asin,25.0,Gram,0.0,170.0,cellmage_312819832_196.jpg,Normal,Normal
100,ChompChomp Marshmallow Plain,Snack Manis,15.0,Gram,8.0,5.0,cellmage_312819832_198.jpg,Normal,Tinggi
101,Nu Teh Tarik,Minuman Kemasan,200.0,mL,14.0,130.0,cellmage_312819832_200.jpg,Normal,Tinggi
102,Nu Choco HazelTea (kotak),Minuman Kemasan,200.0,mL,15.0,105.0,cellmage_312819832_202.jpg,Normal,Tinggi
103,DayDay Sarang Burung,Minuman Kemasan,250.0,mL,22.0,20.0,cellmage_312819832_204.jpg,Normal,Tinggi
104,Perendjak Lemon Tea,Minuman Seduh,23.0,Gram,21.0,0.0,cellmage_312819832_206.jpg,Normal,Tinggi
105,SilverQueen Chunky Minis,Snack Manis,20.0,Gram,6.0,20.0,cellmage_312819832_208.jpg,Normal,Tinggi
106,SilverQueen Bites,Snack Manis,30.0,Gram,11.0,20.0,cellmage_312819832_210.jpg,Normal,Tinggi
107,Permen Mintz,Snack Manis,2.2,Gram,1.0,0.0,cellmage_312819832_212.jpg,Normal,Normal
108,GreenFields Blueberry Yogurt,Minuman Kemasan,240.0,mL,25.0,95.0,cellmage_312819832_214.jpg,Normal,Tinggi
109,GreenFields Yogurt Mango,Snack Manis,120.0,Gram,17.0,30.0,cellmage_312819832_216.jpg,Normal,Tinggi
110,Cimory Greek Yogurt Original,Snack Manis,100.0,mL,14.0,55.0,cellmage_312819832_218.jpg,Normal,Tinggi
111,Cimory Greek Yogurt No Sugar,Snack Manis,100.0,mL,4.0,75.0,cellmage_312819832_220.jpg,Normal,Normal
112,Biokul Greek Yogurt,Snack Manis,100.0,mL,8.0,75.0,cellmage_312819832_222.jpg,Normal,Tinggi
113,Promina Bubur Tim Rasa Ayam Kampung Kacang Polong,Snack Asin,25.0,Gram,2.0,95.0,cellmage_312819832_224.jpg,Normal,Normal
114,Promina Yogurt Melts Strawberry,Snack Manis,8.0,Gram,5.0,10.0,cellmage_312819832_226.jpg,Normal,Normal
115,Milna Nature Delight Fruit Puree Apple and Peach,Snack Manis,80.0,Gram,13.0,0.0,cellmage_312819832_228.jpg,Normal,Tinggi
116,Promina Marie Susu,Snack Manis,24.0,Gram,4.0,25.0,cellmage_312819832_230.jpg,Normal,Normal
117,Ice Cream Campina Chocolate Vanilla Choco Chunk,Snack Manis,100.0,mL,12.0,25.0,cellmage_312819832_232.jpg,Normal,Tinggi
118,Chiki Komo Jagung Bakar,Snack Asin,10.0,Gram,1.0,35.0,cellmage_312819832_234.jpg,Normal,Normal
119,Chitato Lite,Snack Asin,20.0,Gram,1.0,55.0,cellmage_312819832_236.jpg,Normal,Normal
120,Chitato Sapi Panggang,Snack Asin,20.0,Gram,0.0,115.0,cellmage_312819832_238.jpg,Normal,Normal
121,JETZ Stick Choco Fiesta,Snack Manis,20.0,Gram,6.0,90.0,cellmage_312819832_240.jpg,Normal,Tinggi
122,Chiki Twist Jagung Bakar,Snack Asin,10.0,Gram,1.0,60.0,cellmage_312819832_242.jpg,Normal,Normal
123,Mister Kentang Goreng Friench Fries,Snack Asin,10.0,Gram,2.0,115.0,cellmage_312819832_244.jpg,Normal,Normal
124,Ale-Ale Strawberry,Minuman Kemasan,180.0,mL,13.0,35.0,cellmage_312819832_246.jpg,Normal,Tinggi
125,Mountea Blackcurrant,Minuman Kemasan,160.0,mL,7.0,25.0,cellmage_312819832_248.jpg,Normal,Tinggi
126,Cimory Fresh Milk Full Cream,Minuman Kemasan,125.0,mL,5.0,65.0,cellmage_312819832_250.jpg,Normal,Normal
128,Panther Cup Mix Fruit,Minuman Kemasan,170.0,mL,7.0,110.0,cellmage_312819832_254.jpg,Normal,Tinggi
129,Olala Milky Jelly,Minuman Kemasan,220.0,mL,14.0,60.0,cellmage_312819832_256.jpg,Normal,Tinggi
130,Kopi Cappucino Granita,Minuman Kemasan,175.0,mL,22.0,15.0,cellmage_312819832_258.jpg,Normal,Tinggi
131,Yakult Original,Minuman Kemasan,65.0,mL,10.0,10.0,cellmage_312819832_260.jpg,Normal,Tinggi
132,Milo (kotak),Minuman Kemasan,110.0,mL,9.0,65.0,cellmage_312819832_262.jpg,Normal,Tinggi
133,Susu Indomilk Vanilla (kotak),Minuman Kemasan,115.0,mL,10.0,45.0,cellmage_312819832_264.jpg,Normal,Tinggi
134,Good Day Mocacino (botol),Minuman Kemasan,250.0,mL,21.0,75.0,cellmage_312819832_266.jpg,Normal,Tinggi
135,Nextar Pineapple,Snack Manis,27.0,Gram,7.0,95.0,cellmage_312819832_268.jpg,Normal,Tinggi
136,Garuda Pilus Rasa Mie Goreng,Snack Asin,14.0,Gram,2.0,160.0,cellmage_312819832_270.jpg,Normal,Normal
137,Roma Malkist Kelapa Kopyor,Snack Manis,21.0,Gram,4.0,85.0,cellmage_312819832_272.jpg,Normal,Normal
138,Roma Malkist Cokelat,Snack Manis,18.0,Gram,4.0,85.0,cellmage_312819832_274.jpg,Normal,Normal
139,Biskuit Lemonia,Snack Manis,20.0,Gram,4.0,50.0,cellmage_312819832_276.jpg,Normal,Normal
140,Chocolatos Waver Rasa Vanilla,Snack Manis,12.0,Gram,3.0,20.0,cellmage_312819832_278.jpg,Normal,Normal
141,Chocolatos Waver Rasa Keju,Snack Manis,14.0,Gram,5.0,65.0,cellmage_312819832_280.jpg,Normal,Normal
142,Chocolatos Wafer Rasa Dark Chocolate,Snack Manis,13.0,Gram,4.0,35.0,cellmage_312819832_282.jpg,Normal,Normal
143,Ice Cream Joyday Choco Berry,Snack Manis,40.0,mL,7.0,10.0,cellmage_312819832_284.jpg,Normal,Tinggi
144,Ice Cream Joyday Double Scoop Chocolate Vanilla,Snack Manis,100.0,mL,9.0,15.0,cellmage_312819832_286.jpg,Normal,Tinggi
145,Ice Cream Joyday Fruitti Duo,Snack Manis,42.0,mL,6.0,15.0,cellmage_312819832_288.jpg,Normal,Tinggi
146,Indomie Goreng Jumbo Rasa Ayam Panggang,Mie Instan,120.0,Gram,8.0,1100.0,cellmage_312819832_290.jpg,Normal,Tinggi
147,Indomie Soto,Mie Instan,70.0,Gram,2.0,1120.0,cellmage_312819832_292.jpg,Normal,Normal
148,Indomie Goreng Ayam Geprek,Mie Instan,85.0,Gram,4.0,960.0,cellmage_312819832_294.jpg,Normal,Normal
149,Indomie Goreng Rendang,Mie Instan,91.0,Gram,6.0,830.0,cellmage_312819832_296.jpg,Normal,Tinggi
150,Pang Pang Korea,Snack Asin,12.0,Gram,1.0,65.0,cellmage_312819832_298.jpg,Normal,Normal
151,Chiki Astaga,Snack Asin,12.0,Gram,1.0,90.0,cellmage_312819832_300.jpg,Normal,Normal
152,Kopi ABC Susu,Minuman Seduh,30.0,Gram,18.0,45.0,cellmage_312819832_302.jpg,Normal,Tinggi
153,Pringles Original,Snack Asin,25.0,Gram,0.0,125.0,cellmage_312819832_304.jpg,Normal,Normal
154,Pringles Texas BBQ,Snack Asin,25.0,Gram,1.0,100.0,cellmage_312819832_306.jpg,Normal,Normal
155,Pota Bee Ayam Bakar,Snack Asin,30.0,Gram,1.0,250.0,cellmage_312819832_308.jpg,Normal,Normal
156,Pota Bee Rumput Laut Panggang,Snack Asin,30.0,Gram,1.0,150.0,cellmage_312819832_310.jpg,Normal,Normal
157,Kinder Creamy,Snack Manis,19.0,Gram,9.0,20.0,cellmage_312819832_312.jpg,Normal,Tinggi
158,Smax Balls Cokelat,Snack Manis,20.0,Gram,3.0,35.0,cellmage_312819832_314.jpg,Normal,Normal
159,Deka Wafer  Roll Choco,Snack Manis,30.0,Gram,13.0,40.0,cellmage_312819832_316.jpg,Normal,Tinggi
160,Deka Wafer  Roll Choco Banana,Snack Manis,30.0,Gram,11.0,30.0,cellmage_312819832_318.jpg,Normal,Tinggi
161,Beng-Beng Share it,Snack Manis,9.5,Gram,3.0,20.0,cellmage_312819832_320.jpg,Normal,Normal
162,Chuba Keripik Singkong Balado,Snack Asin,20.0,Gram,1.0,125.0,cellmage_312819832_322.jpg,Normal,Normal
163,Yupi Gummy Pizza,Snack Manis,23.0,Gram,8.0,0.0,cellmage_312819832_324.jpg,Normal,Tinggi
164,Yupi Bolicious Sweet Lychee,Snack Manis,15.0,Gram,8.0,5.0,cellmage_312819832_326.jpg,Normal,Tinggi
165,Happy Tos Tortilla Corn Chips,Snack Asin,25.0,Gram,1.0,125.0,cellmage_312819832_328.jpg,Normal,Normal
166,Mie Sedaap White Curry,Mie Instan,81.0,Gram,3.0,840.0,cellmage_312819832_330.jpg,Normal,Normal
167,Mayasi Crispy Crepes Chocolate,Snack Manis,15.0,Gram,6.0,40.0,cellmage_312819832_332.jpg,Normal,Tinggi
168,Momogi long Stick Rumput Laut,Snack Asin,10.0,Gram,2.0,50.0,cellmage_312819832_334.jpg,Normal,Normal
169,Ichitan Thai Milk Tea,Minuman Kemasan,250.0,mL,17.0,130.0,cellmage_312819832_336.jpg,Normal,Tinggi
170,Ichi Ocha Teh hijau,Minuman Kemasan,330.0,mL,24.0,35.0,cellmage_312819832_338.jpg,Normal,Tinggi
171,Adem Sari Herbal Lemon Sparkling,Minuman Kemasan,250.0,mL,23.0,95.0,cellmage_312819832_340.jpg,Normal,Tinggi
172,Adem Sari Madu Lemon Tea,Minuman Kemasan,175.0,mL,15.0,35.0,cellmage_312819832_342.jpg,Normal,Tinggi
173,Floridina Orange Pulp & Coco Bitz,Minuman Kemasan,175.0,mL,19.0,25.0,cellmage_312819832_344.jpg,Normal,Tinggi
174,TeaJus Madu,Minuman Seduh,7.0,Gram,7.0,5.0,cellmage_312819832_346.jpg,Normal,Tinggi
175,Garuda Kacang Kulit,Snack Asin,25.0,Gram,0.0,250.0,cellmage_312819832_348.jpg,Normal,Normal
176,Garuda Skippy Peanut Butter Mini Ball,Snack Manis,10.0,Gram,3.0,25.0,cellmage_312819832_350.jpg,Normal,Normal
177,Garuda Crunchy Corn Tornado Sea Salt,Snack Asin,15.0,Gram,1.0,80.0,cellmage_312819832_352.jpg,Normal,Normal
178,Nissin Gekikara Ramen Carbonara,Mie Instan,81.0,Gram,5.0,1170.0,cellmage_312819832_354.jpg,Normal,Normal
179,Nissin Gekikara Ramen Ayam Pedas,Mie Instan,80.0,Gram,5.0,1030.0,cellmage_312819832_356.jpg,Normal,Normal
180,Nissin Butter Coconut Biscuits,Snack Manis,20.0,Gram,4.0,55.0,cellmage_312819832_358.jpg,Normal,Normal
181,Nissin Assorted Biscuit,Snack Manis,25.0,Gram,7.0,60.0,cellmage_312819832_360.jpg,Normal,Tinggi
182,Granola Oat Crunch,Snack Manis,50.0,Gram,12.0,180.0,cellmage_312819832_362.jpg,Normal,Tinggi
183,Anget Sari Wedang Jahe,Minuman Seduh,20.0,Gram,22.0,45.0,cellmage_312819832_364.jpg,Normal,Tinggi
184,Croissant Creamy Chocolate,Snack Manis,30.0,Gram,4.0,65.0,cellmage_312819832_366.jpg,Normal,Normal
185,Jasjus Jeruk,Minuman Seduh,6.0,Gram,5.0,15.0,cellmage_312819832_368.jpg,Normal,Normal
186,Marjan Strowberry,Minuman Seduh,30.0,mL,21.0,10.0,cellmage_312819832_370.jpg,Normal,Tinggi
187,Marjan Coco Pandan,Minuman Seduh,30.0,mL,21.0,5.0,cellmage_312819832_372.jpg,Normal,Tinggi
188,Yougurt Drink Realgood,Minuman Kemasan,125.0,mL,16.0,55.0,cellmage_312819832_374.jpg,Normal,Tinggi
189,Buavita Apel,Minuman Kemasan,245.0,mL,21.0,40.0,cellmage_312819832_376.jpg,Normal,Tinggi
190,Buavita Mangga,Minuman Kemasan,245.0,mL,20.0,85.0,cellmage_312819832_378.jpg,Normal,Tinggi
191,I'm coco Inaco leci,Minuman Kemasan,250.0,Gram,21.0,35.0,cellmage_312819832_380.jpg,Normal,Tinggi
192,Popmie Kari Ayam,Mie Instan,75.0,Gram,4.0,1450.0,cellmage_312819832_382.jpg,Normal,Normal
193,Popmie Baso Granat,Mie Instan,77.0,Gram,3.0,1460.0,cellmage_312819832_384.jpg,Normal,Normal
194,Bonbon Chocholate Cream Biskuit,Snack Manis,25.0,Gram,5.0,60.0,cellmage_312819832_386.jpg,Normal,Normal
195,Oat Choco,Snack Manis,30.0,Gram,6.0,60.0,cellmage_312819832_388.jpg,Normal,Tinggi
196,Kris Bee Pillow Strawberry,Snack Manis,12.0,Gram,2.0,20.0,cellmage_312819832_390.jpg,Normal,Normal
197,Roma Sandwich Peanut Butter,Snack Manis,29.0,Gram,6.0,75.0,cellmage_312819832_392.jpg,Normal,Tinggi
198,Lexus Lychee Cream,Snack Manis,19.0,Gram,6.0,65.0,cellmage_312819832_394.jpg,Normal,Tinggi
199,Monde Bourbon Choco,Snack Manis,12.0,Gram,3.0,15.0,cellmage_312819832_396.jpg,Normal,Normal
200,Selai Olai Blueberry,Snack Manis,24.0,Gram,7.0,85.0,cellmage_312819832_398.jpg,Normal,Tinggi
201,Smax Ring,Snack Asin,12.0,Gram,1.0,85.0,cellmage_312819832_400.jpg,Normal,Normal
202,Milo Sereal,Snack Manis,20.0,Gram,5.0,30.0,cellmage_312819832_402.jpg,Normal,Normal
203,Honey Stars Sereal,Snack Manis,20.0,Gram,5.0,25.0,cellmage_312819832_404.jpg,Normal,Normal
204,Kopi Kopiko,Minuman Kemasan,240.0,mL,20.0,120.0,cellmage_312819832_406.jpg,Normal,Tinggi
205,Vegan Vitasoy Stroberi,Minuman Kemasan,250.0,mL,13.0,125.0,cellmage_312819832_408.jpg,Normal,Tinggi
206,Popmie Ayam Bawang,Mie Instan,40.0,Gram,2.0,1270.0,cellmage_312819832_410.jpg,Normal,Normal
207,Mie Sukses isi 2 Ayam Bawang,Mie Instan,115.0,Gram,4.0,1220.0,cellmage_312819832_412.jpg,Normal,Normal
208,Naraya Narabis,Snack Manis,15.0,Gram,1.0,45.0,cellmage_312819832_414.jpg,Normal,Normal
209,Granola Dark Chocolate,Snack Manis,25.0,Gram,5.0,20.0,cellmage_312819832_416.jpg,Normal,Normal
210,Julies Lemond,Snack Manis,18.0,Gram,4.0,55.0,cellmage_312819832_418.jpg,Normal,Normal
211,Fruit Sandwich Blueberry,Snack Manis,100.0,Gram,19.0,0.0,cellmage_312819832_420.jpg,Normal,Tinggi
212,Biskuit Sultana,Snack Manis,120.0,kkal,9.0,130.0,cellmage_312819832_422.jpg,Normal,Tinggi
213,Gery Wafer Roll Bantal,Snack Manis,20.0,Gram,7.0,70.0,cellmage_312819832_424.jpg,Normal,Tinggi
214,Yupi Strawberry Kiss,Snack Manis,15.0,Gram,9.0,0.0,Yupi Strawberry Kiss.jpg,Normal,Tinggi
216,Yamazaki Myroti Gandum,Snack Manis,79.0,Gram,4.0,250.0,Yamazaki Myroti Gandum.jpg,Normal,Normal
217,Ultra Mimi Kids Full Cream,Minuman Kemasan,125.0,mL,6.0,60.0,Ultra Mimi Kids Full Creamjpg,Normal,Tinggi
218,Tropicana Slim Nutty Chocolate Cookies,Snack Manis,20.0,Gram,0.0,80.0,Tropicana Slim Nutty Chocolate Cookies.jpg,Normal,Normal
219,Relaxa Cuwi,Snack Manis,20.0,Gram,1.0,0.0,Relaxa Cuwi.jpg,Normal,Normal
220,Pop Ice Mangga,Minuman Seduh,25.0,Gram,15.0,15.0,Pop Ice Mangga.png,Normal,Tinggi
221,Pocky Strawberry Biscuit Stick,Snack Manis,21.0,Gram,7.0,45.0,Pocky Strawberry Biscuit Stick.jpg,Normal,Tinggi
222,Pillows Cokelat,Snack Manis,12.0,Gram,4.0,25.0,Pillows Cokelat.jpg,Normal,Normal
223,Oishi Sponge Crunch Yam Flavor,Snack Manis,18.0,Gram,3.0,25.0,Oishi Sponge Crunch Yam Flavor.jpg,Normal,Normal
224,Nissin Finger Cheese Biskuit,Snack Asin,25.0,Gram,1.0,200.0,Nissin Finger Cheese Biskuit.jpg,Normal,Normal
225,Momogi Jagung Bakar,Snack Asin,10.0,Gram,1.0,5.0,Momogi Jagung Bakar.jpg,Normal,Normal
226,Mogu Mogu Manggo,Minuman Kemasan,160.0,mL,18.0,50.0,Mogu Mogu Manggo.jpg,Normal,Tinggi
227,Mie Gemez Enaak,Snack Asin,20.0,Gram,0.0,240.0,Mie Gemez Enaak.jpg,Normal,Normal
228,Melts Dark Chocolate Cookies,Snack Manis,10.0,Gram,3.0,0.0,Melts Dark Chocolate Cookies.jpg,Normal,Normal
229,Maxicorn Barbeque,Snack Asin,20.0,Gram,1.0,100.0,Maxicorn Barbeque.jpg,Normal,Normal
230,Lemonilo Chimi Keripik Ubi,Snack Asin,20.0,Gram,1.0,60.0,Lemonilo Chimi Keripik Ubi.jpg,Normal,Normal
231,Lemonilo Bronies Crispy Chocochips,Snack Manis,15.0,Gram,7.0,10.0,Lemonilo Bronies Crispy Chocochips.png,Normal,Tinggi
232,Kusuka Keripik Singkong Balado Pedas,Snack Asin,15.0,Gram,1.0,45.0,Kusuka Keripik Singkong Balado Pedas.jpg,Normal,Normal
233,Kopiko Sugar Free Coffe Candy,Snack Manis,6.0,Gram,0.0,5.0,Kopiko Sugar Free Coffe Candy.jpg,Normal,Normal
234,Kacang Koro Pedas Dua Kelinci,Snack Asin,25.0,Gram,2.0,180.0,Kacang Koro Pedas Dua Kelinci.png,Normal,Normal
235,Jack 'n Jill Piattos Potato Crisps Cheese,Snack Asin,30.0,Gram,2.0,170.0,Jack 'n Jill Piattos Potato Crisps Cheese.png,Normal,Normal
236,Ice Cream AICE Mochi Vanilla,Snack Manis,30.0,Gram,6.0,15.0,Ice Cream AICE Mochi Vanilla.png,Normal,Tinggi
237,Ice Cream AICE Mochi Klepon,Snack Manis,45.0,mL,6.0,10.0,Ice Cream AICE Mochi Klepon.png,Normal,Tinggi
238,Happy Tos Tortilla Chips,Snack Asin,28.0,Gram,0.0,135.0,Happy Tos Tortilla Chips.png,Normal,Normal
239,Fruit Tea Apel,Minuman Kemasan,250.0,mL,22.0,60.0,Fruit Tea Apel.jpg,Normal,Tinggi
240,East Cashew Yava Chocolate Vanilla,Snack Manis,20.0,Gram,1.0,125.0,East Cashew Yava Chocolate Vanilla.jpg,Normal,Normal
241,Chitato Keju Supreme,Snack Asin,20.0,Gram,1.0,80.0,Chitato Keju Supreme.jpg,Normal,Normal
242,Buavita Jeruk,Minuman Kemasan,250.0,mL,23.0,5.0,Buavita Jeruk.jpg,Normal,Tinggi
243,Biskuit Oreo Original,Snack Manis,27.5,Gram,11.0,140.0,Biskuit Oreo Original.jpg,Normal,Tinggi
244,Apollo Roka Wafer Ball,Snack Manis,30.0,Gram,10.0,5.0,Apollo Roka Wafer Ball.png,Normal,Tinggi
245,Tricks Kimchi,Snack Asin,12.0,Gram,2.0,60.0,,Normal,Normal
246,Oishi Popcorn Strawberry,Snack Manis,20.0,Gram,7.0,95.0,,Normal,Tinggi
247,Nissin Wallens Blueberry,Snack Manis,16.0,Gram,4.0,35.0,,Normal,Normal
248,Slai O'lai Nanas,Snack Manis,24.0,Gram,6.0,50.0,,Normal,Tinggi
249,Golda Coffe,Minuman Kemasan,200.0,mL,15.0,105.0,,Normal,Tinggi
250,Permen Hot Hot Ball Mangga,Snack Manis,7.0,Gram,5.0,10.0,,Normal,Normal
251,NoriGo Pedas,Snack Asin,2.5,Gram,1.0,35.0,,Normal,Normal
252,Fullo Vanilla Milk,Snack Manis,7.0,Gram,3.0,25.0,,Normal,Normal
253,Pocky Cokelat (Sachet),Snack Manis,10.0,Gram,3.0,20.0,,Normal,Normal
254,Biskuat Cokelat,Snack Manis,7.6,Gram,2.0,30.0,,Normal,Normal
255,Yupi Bolicious Blackberry,Snack Manis,5.0,Gram,3.0,0.0,,Normal,Normal
256,Yupi Burger Max,Snack Manis,9.0,Gram,5.0,5.0,,Normal,Normal
257,Lemonilo Brownies Crunchy Chocolate,Snack Manis,15.0,Gram,5.0,10.0,,Normal,Normal
258,Lemonilo Chimi Keripik Ubi Karamel Mentega,Snack Manis,20.0,Gram,1.0,55.0,,Normal,Normal
259,Lemonilo Chimi Keripik Ubi Jagung Bakar,Snack Asin,25.0,Gram,3.0,80.0,,Normal,Normal
260,Lemonilo Chimi Keripik Ubi Cheese Burger,Snack Asin,20.0,Gram,2.0,50.0,,Normal,Normal
261,Susu Tango Banana Pudding,Minuman Kemasan,125.0,mL,10.0,130.0,,Normal,Tinggi
262,Tango Wafer Vanilla Delight,Snack Manis,20.0,Gram,4.0,80.0,,Normal,Normal
263,Tao Kae Noi Crispy Seaweed Original,Snack Asin,4.0,Gram,0.0,20.0,,Normal,Normal
264,Best Wok Mie Goreng Black Pepper Seafood,Mie Instan,80.0,Gram,5.0,970.0,,Normal,Normal
265,Mama Suka Muffin Pisang,Snack Manis,20.0,Gram,10.0,90.0,,Normal,Tinggi
266,Mama Suka Gimbori Seaweed Original Flavour,Snack Asin,3.0,Gram,0.0,25.0,,Normal,Normal
267,Mama Suka Gimbori Seaweed SpicyFlavour,Snack Asin,3.0,Gram,0.0,40.0,,Normal,Normal
268,Frost Bite Es Krim Boba Milk Tea with Brown Sugar,Snack Manis,60.0,mL,13.0,35.0,,Normal,Tinggi
269,Frost Bite Es Krim Susu Cookies and Cream Mochi,Snack Manis,46.0,mL,8.0,20.0,,Normal,Tinggi
270,Frost Bite Es Krim Susu Choco Lava Mochi,Snack Manis,46.0,mL,10.0,25.0,,Normal,Tinggi
271,Frost Bite Es Krim Susu Strawberry Sakura Mochi,Snack Manis,46.0,mL,10.0,20.0,,Normal,Tinggi
272,Frost Bite Jcone Es Krim Black and Pink,Snack Manis,90.0,mL,14.0,25.0,,Normal,Tinggi
273,Frost Bite Jcone Es Krim Cookies and Cream,Snack Manis,80.0,mL,14.0,35.0,,Normal,Tinggi
274,Frost Bite Es Krim Cup Strawberry Vanilla,Snack Manis,90.0,mL,15.0,20.0,,Normal,Tinggi
275,Frost Bite Es Krim Cup Cookies and Cream,Snack Manis,30.0,mL,10.0,55.0,,Normal,Tinggi
276,Indomie Hype Abis Mie Nyemek Rendang Jogja,Mie Instan,84.0,Gram,8.0,1030.0,,Normal,Tinggi
277,Khong Guan Cream Wafer Coconut,Snack Manis,25.0,Gram,8.0,20.0,,Normal,Tinggi
278,Khong Guan Saltcheese Combociz,Snack Manis,17.0,Gram,5.0,55.0,,Normal,Normal
279,Obuchi Popcorn Carammel,Snack Manis,28.0,Gram,3.0,15.0,,Normal,Normal
280,Lokalate Kopi Berondong Popcorn Latte,Minuman Kemasan,185.0,mL,6.0,55.0,,Normal,Tinggi
281,Diamond Milk Bubble Gum,Minuman Kemasan,125.0,mL,11.0,80.0,,Normal,Tinggi
283,"Milna Nature Delight Fruit Puree Banana, Strawberry, Apple",Snack Manis,80.0,Gram,12.0,5.0,,Normal,Tinggi
284,Milna Rice Crackers Sweet Potato Carrot,Snack Manis,20.0,Gram,3.0,50.0,,Normal,Normal
285,Milna Biskuit Bayi Pisang,Snack Manis,22.0,Gram,5.0,5.0,,Normal,Normal
287,Heavenly Blush Yogurto Dorinku Peach,Minuman Kemasan,125.0,mL,12.0,80.0,,Normal,Tinggi
288,Heavenly Blush Yogurto Dorinku Blackcurrant,Minuman Kemasan,125.0,mL,13.0,75.0,,Normal,Tinggi
289,Lotte Koala March Cokelat,Snack Manis,37.0,Gram,12.0,75.0,,Normal,Tinggi
290,Lotte Choco Pie Marshmallow Strawberry,Snack Manis,25.0,Gram,6.0,60.0,,Normal,Tinggi
291,Lotte Toppo Vanilla Chocolate,Snack Manis,40.0,Gram,10.0,115.0,,Normal,Tinggi
292,Lotte Koala's March Krim Stoberi,Snack Manis,37.0,Gram,11.0,79.0,,Normal,Tinggi
293,Nissin Ramen Yakisoba Takoyaki,Mie Instan,27.5,,4.0,910.0,,Normal,Normal
294,Fitbar Fruits Delight,Snack Manis,27.5,Gram,6.0,25.0,,Normal,Tinggi
295,Energen Champion Twin Pack,Minuman Seduh,35.0,Gram,21.0,90.0,,Normal,Tinggi
296,Teajus Gula Batu,Minuman Seduh,6.0,Gram,5.0,0.0,,Normal,Normal
297,Teajus Lemon,Minuman Seduh,6.0,Gram,5.0,0.0,,Normal,Normal
298,Monde Snack Gold,Snack Asin,20.0,Gram,3.0,35.0,,Normal,Normal
299,Monde Bromon Wafers Strawberry Susu,Snack Manis,25.0,Gram,7.0,35.0,,Normal,Tinggi
300,Monde Pola Snack Kentang Klasik,Snack Manis,25.0,Gram,2.0,75.0,,Normal,Normal
301,Monde Shortbread,Snack Manis,20.0,Gram,4.0,50.0,,Normal,Normal
302,Monde Bromon Cookies Original,Snack Manis,20.0,Gram,5.0,10.0,,Normal,Normal
303,Indomaret Cashew Milk Chocolate,Snack Manis,30.0,Gram,11.0,25.0,,Normal,Tinggi
304,Indomaret Roasted Chickpeas Kacang Arab Panggang,Snack Asin,30.0,Gram,2.0,115.0,,Normal,Normal
305,Kokola Kukis Susu Vanilla,Snack Manis,30.0,Gram,7.0,120.0,,Normal,Tinggi
306,Gery Salut Chocolate Coconut,Snack Manis,22.0,Gram,5.0,120.0,,Normal,Normal
308,Aice Watermelon Ice Cream,Snack Manis,65.0,Gram,13.0,0.0,,Normal,Tinggi
309,Es Krim Wall's Corn,Snack Manis,98.0,mL,9.0,35.0,,Normal,Tinggi
310,Ice Cream Wall's Choco Nutty Crunch,Snack Manis,100.0,mL,15.0,40.0,,Normal,Tinggi
311,Diamond Milk Susu UHT Full Cream,Minuman Kemasan,200.0,mL,6.0,100.0,,Normal,Tinggi
312,Sunpride 100% Fruit Juice Pineapple Guava,Minuman Kemasan,200.0,mL,18.0,20.0,,Normal,Tinggi
313,Sunpride 100% Fruit Juice Pineapple Passion Fruit,Minuman Kemasan,200.0,mL,24.0,25.0,,Normal,Tinggi
314,Sunpride 100% Fruit Juice Pineapple Apple Fruit,Minuman Kemasan,200.0,mL,16.0,20.0,,Normal,Tinggi
315,Kopi Kenangan Royal Cheese Latte (botol),Minuman Kemasan,200.0,mL,2.0,170.0,,Normal,Normal
316,Kopi Kenangan Japanese Matcha Espresso (botol),Minuman Kemasan,200.0,mL,17.0,160.0,,Normal,Tinggi
317,Kopi Kenangan Arabica Blend Kopi Susu Black Aren,Minuman Kemasan,220.0,mL,14.0,200.0,,Normal,Tinggi
318,Springlee Salted Egg Potato Chips,Snack Asin,20.0,Gram,1.0,180.0,,Normal,Normal
319,Sosis So Nice Sapi Pedas,Snack Asin,50.0,Gram,1.0,520.0,,Normal,Normal
320,Sosi So Nice Otak Otak,Snack Asin,63.0,Gram,0.0,450.0,,Normal,Normal
321,Sosis So Nice Ayam,Snack Asin,51.0,Gram,0.0,400.0,,Normal,Normal
322,Bagelen Crunchy French Toast,Snack Manis,19.5,Gram,7.0,110.0,,Normal,Tinggi
323,Probitas Bagelen Cream Cheese Spread,Snack Manis,15.0,Gram,2.0,120.0,,Normal,Normal
324,Super Bihun Kuah,Mie Instan,51.0,Gram,0.0,1190.0,,Normal,Normal
325,Super Bubur Kuah Kari,Mie Instan,46.0,Gram,1.0,720.0,,Normal,Normal
